{"initial_reset_timestamp": 1557514564.4776707, "timestamps": [1557514568.9665356], "episode_lengths": [156], "episode_rewards": [-268.696565044708], "episode_types": ["t"]}