{"initial_reset_timestamp": 1557469267.0459416, "timestamps": [1557469295.6625433], "episode_lengths": [972], "episode_rewards": [320.61000971095405], "episode_types": ["t"]}